commit_id,repo_url,project,label_type,commit_role,language,dataset_source
712504b2d,https://github.com/apache/accumulo,accumulo,bug,BFC,Java,DS_APACHE
995080c44,https://github.com/apache/accumulo,accumulo,bug,BIC,Java,DS_APACHE
c475c85ff,https://github.com/apache/accumulo,accumulo,bug,BFC,Java,DS_APACHE
a323f0362,https://github.com/apache/accumulo,accumulo,bug,BFC,Java,DS_APACHE
f122beb12,https://github.com/apache/accumulo,accumulo,bug,BFC,Java,DS_APACHE
7f20e6aef,https://github.com/apache/accumulo,accumulo,bug,BIC,Java,DS_APACHE
191bee180,https://github.com/apache/accumulo,accumulo,bug,BIC,Java,DS_APACHE
d4d455f1f,https://github.com/apache/accumulo,accumulo,bug,BFC,Java,DS_APACHE
f42ead0d3,https://github.com/apache/accumulo,accumulo,bug,BIC,Java,DS_APACHE
5875781c5,https://github.com/apache/accumulo,accumulo,bug,BFC,Java,DS_APACHE
01d3af40b,https://github.com/apache/accumulo,accumulo,bug,BIC,Java,DS_APACHE
6927fb527,https://github.com/apache/accumulo,accumulo,bug,BFC,Java,DS_APACHE
64713554b,https://github.com/apache/accumulo,accumulo,bug,BFC,Java,DS_APACHE
3af75fc68,https://github.com/apache/accumulo,accumulo,bug,BIC,Java,DS_APACHE
1aceaa014,https://github.com/apache/accumulo,accumulo,bug,BFC,Java,DS_APACHE
3e5524c3c,https://github.com/apache/accumulo,accumulo,bug,BIC,Java,DS_APACHE
74507ae3a,https://github.com/apache/accumulo,accumulo,bug,BIC,Java,DS_APACHE
3ef67cbee,https://github.com/apache/accumulo,accumulo,bug,BFC,Java,DS_APACHE
840dba269,https://github.com/apache/accumulo,accumulo,bug,BIC,Java,DS_APACHE
f2de427f7,https://github.com/apache/accumulo,accumulo,bug,BIC,Java,DS_APACHE
87c609d77,https://github.com/apache/accumulo,accumulo,bug,BFC,Java,DS_APACHE
c9c0d45b5,https://github.com/apache/accumulo,accumulo,bug,BIC,Java,DS_APACHE
859222146,https://github.com/apache/accumulo,accumulo,bug,BIC,Java,DS_APACHE
261cf3618,https://github.com/apache/accumulo,accumulo,bug,BIC,Java,DS_APACHE
cc3c2d8a8,https://github.com/apache/accumulo,accumulo,bug,BIC,Java,DS_APACHE
75fcf1c7f,https://github.com/apache/accumulo,accumulo,bug,BIC,Java,DS_APACHE
d7ba6ca6f,https://github.com/apache/accumulo,accumulo,bug,BIC,Java,DS_APACHE
4d83d53b0,https://github.com/apache/accumulo,accumulo,bug,BIC,Java,DS_APACHE
891584fb7,https://github.com/apache/accumulo,accumulo,bug,BFC,Java,DS_APACHE
085c5b793,https://github.com/apache/accumulo,accumulo,bug,BIC,Java,DS_APACHE
0398fa70b,https://github.com/apache/accumulo,accumulo,bug,BFC,Java,DS_APACHE
94c2a31fc,https://github.com/apache/accumulo,accumulo,bug,BIC,Java,DS_APACHE
0277521da,https://github.com/apache/accumulo,accumulo,bug,BIC,Java,DS_APACHE
9a4dd3000,https://github.com/apache/accumulo,accumulo,bug,BFC,Java,DS_APACHE
a943f323b,https://github.com/apache/accumulo,accumulo,bug,BIC,Java,DS_APACHE
d36e317a8,https://github.com/apache/accumulo,accumulo,bug,BFC,Java,DS_APACHE
29c6052d6,https://github.com/apache/accumulo,accumulo,bug,BIC,Java,DS_APACHE
e77bdd7de,https://github.com/apache/accumulo,accumulo,bug,BFC,Java,DS_APACHE
f446b9007,https://github.com/apache/accumulo,accumulo,bug,BIC,Java,DS_APACHE
a24a286d8,https://github.com/apache/accumulo,accumulo,bug,BFC,Java,DS_APACHE
7f8f66d8a,https://github.com/apache/accumulo,accumulo,bug,BIC,Java,DS_APACHE
c12679ad4,https://github.com/apache/accumulo,accumulo,bug,BFC,Java,DS_APACHE
c8bd1ddd0,https://github.com/apache/accumulo,accumulo,bug,BIC,Java,DS_APACHE
45f18c174,https://github.com/apache/accumulo,accumulo,bug,BIC,Java,DS_APACHE
a8d1acd4b,https://github.com/apache/accumulo,accumulo,bug,BFC,Java,DS_APACHE
8d7f04cd9,https://github.com/apache/accumulo,accumulo,bug,BIC,Java,DS_APACHE
4cffe0290,https://github.com/apache/accumulo,accumulo,bug,BFC,Java,DS_APACHE
659a33e8e,https://github.com/apache/accumulo,accumulo,bug,BIC,Java,DS_APACHE
81a77e1d6,https://github.com/apache/accumulo,accumulo,bug,BFC,Java,DS_APACHE
9cee40724,https://github.com/apache/accumulo,accumulo,bug,BIC,Java,DS_APACHE
5eceb10e2,https://github.com/apache/accumulo,accumulo,bug,BIC,Java,DS_APACHE
e4dbe897c,https://github.com/apache/accumulo,accumulo,bug,BFC,Java,DS_APACHE
5cb976b3c,https://github.com/apache/accumulo,accumulo,bug,BIC,Java,DS_APACHE
d2f82cd92,https://github.com/apache/accumulo,accumulo,bug,BIC,Java,DS_APACHE
fa978b0c3,https://github.com/apache/accumulo,accumulo,bug,BFC,Java,DS_APACHE
ca083a5b8,https://github.com/apache/accumulo,accumulo,bug,BIC,Java,DS_APACHE
e43561112,https://github.com/apache/accumulo,accumulo,bug,BFC,Java,DS_APACHE
db2dda1b7,https://github.com/apache/accumulo,accumulo,bug,BIC,Java,DS_APACHE
009022987,https://github.com/apache/accumulo,accumulo,bug,BFC,Java,DS_APACHE
85eb28052,https://github.com/apache/accumulo,accumulo,bug,BFC,Java,DS_APACHE
2c9833171,https://github.com/apache/accumulo,accumulo,bug,BIC,Java,DS_APACHE
fa22fa431,https://github.com/apache/accumulo,accumulo,bug,BFC,Java,DS_APACHE
be646246b,https://github.com/apache/accumulo,accumulo,bug,BIC,Java,DS_APACHE
699b8bf06,https://github.com/apache/accumulo,accumulo,bug,BFC,Java,DS_APACHE
b0e1a81cf,https://github.com/apache/accumulo,accumulo,bug,BIC,Java,DS_APACHE
a541e766e,https://github.com/apache/accumulo,accumulo,bug,BFC,Java,DS_APACHE
dad7c7c93,https://github.com/apache/accumulo,accumulo,bug,BIC,Java,DS_APACHE
a2c2d38aa,https://github.com/apache/accumulo,accumulo,bug,BFC,Java,DS_APACHE
e5086f908,https://github.com/apache/accumulo,accumulo,bug,BFC,Java,DS_APACHE
33890b00e,https://github.com/apache/accumulo,accumulo,bug,BIC,Java,DS_APACHE
f2868c621,https://github.com/apache/accumulo,accumulo,bug,BIC,Java,DS_APACHE
fe77101d0,https://github.com/apache/accumulo,accumulo,bug,BIC,Java,DS_APACHE
a8c3587d1,https://github.com/apache/accumulo,accumulo,bug,BIC,Java,DS_APACHE
4911f855d,https://github.com/apache/accumulo,accumulo,bug,BFC,Java,DS_APACHE
ef7c4f083,https://github.com/apache/accumulo,accumulo,bug,BIC,Java,DS_APACHE
72156b82e,https://github.com/apache/accumulo,accumulo,bug,BIC,Java,DS_APACHE
e33c1f495,https://github.com/apache/accumulo,accumulo,bug,BFC,Java,DS_APACHE
0607c8cf0,https://github.com/apache/accumulo,accumulo,bug,BIC,Java,DS_APACHE
22a6209b8,https://github.com/apache/accumulo,accumulo,bug,BIC,Java,DS_APACHE
c5153331c,https://github.com/apache/accumulo,accumulo,bug,BFC,Java,DS_APACHE
2faafcce4,https://github.com/apache/accumulo,accumulo,bug,BIC,Java,DS_APACHE
5bd68ef9b,https://github.com/apache/accumulo,accumulo,bug,BIC,Java,DS_APACHE
7038755be,https://github.com/apache/accumulo,accumulo,bug,BIC,Java,DS_APACHE
a8ef75ee0,https://github.com/apache/accumulo,accumulo,bug,BFC,Java,DS_APACHE
d1aaecba9,https://github.com/apache/accumulo,accumulo,bug,BIC,Java,DS_APACHE
47a091ade,https://github.com/apache/accumulo,accumulo,bug,BFC,Java,DS_APACHE
2f788f482,https://github.com/apache/accumulo,accumulo,bug,BIC,Java,DS_APACHE
76ea14ed31,https://github.com/apache/ambari,ambari,bug,BFC,Java,DS_APACHE
0cbc5fa385,https://github.com/apache/ambari,ambari,bug,BIC,Java,DS_APACHE
786d4b6334,https://github.com/apache/ambari,ambari,bug,BFC,Java,DS_APACHE
6b7a7a706d,https://github.com/apache/ambari,ambari,bug,BIC,Java,DS_APACHE
6b9a59753a,https://github.com/apache/ambari,ambari,bug,BFC,Java,DS_APACHE
aba473e84a,https://github.com/apache/ambari,ambari,bug,BIC,Java,DS_APACHE
3f2743b58b,https://github.com/apache/ambari,ambari,bug,BFC,Java,DS_APACHE
fe0e2c563f,https://github.com/apache/ambari,ambari,bug,BIC,Java,DS_APACHE
3b2e103b7e,https://github.com/apache/ambari,ambari,bug,BFC,Java,DS_APACHE
ac0c66e986,https://github.com/apache/ambari,ambari,bug,BIC,Java,DS_APACHE
bf5ca2f5e6,https://github.com/apache/ambari,ambari,bug,BFC,Java,DS_APACHE
be25c9e771,https://github.com/apache/ambari,ambari,bug,BIC,Java,DS_APACHE
e858b20bee,https://github.com/apache/ambari,ambari,bug,BFC,Java,DS_APACHE
8a2cb5b35a,https://github.com/apache/ambari,ambari,bug,BIC,Java,DS_APACHE
43ae930b01,https://github.com/apache/ambari,ambari,bug,BFC,Java,DS_APACHE
c9f0dd0b82,https://github.com/apache/ambari,ambari,bug,BIC,Java,DS_APACHE
44b2a5ccaa,https://github.com/apache/ambari,ambari,bug,BFC,Java,DS_APACHE
9842b40d2b,https://github.com/apache/ambari,ambari,bug,BIC,Java,DS_APACHE
6dd00195e6,https://github.com/apache/ambari,ambari,bug,BIC,Java,DS_APACHE
8c237ec866,https://github.com/apache/ambari,ambari,bug,BIC,Java,DS_APACHE
4b4bcbfb67,https://github.com/apache/ambari,ambari,bug,BIC,Java,DS_APACHE
a00ffffc54,https://github.com/apache/ambari,ambari,bug,BFC,Java,DS_APACHE
b5a2bb8ddb,https://github.com/apache/ambari,ambari,bug,BIC,Java,DS_APACHE
d4ba96481c,https://github.com/apache/ambari,ambari,bug,BFC,Java,DS_APACHE
eef7b7308e,https://github.com/apache/ambari,ambari,bug,BIC,Java,DS_APACHE
b96c77a8f9,https://github.com/apache/ambari,ambari,bug,BIC,Java,DS_APACHE
288573dcea,https://github.com/apache/ambari,ambari,bug,BFC,Java,DS_APACHE
268f5cb652,https://github.com/apache/ambari,ambari,bug,BIC,Java,DS_APACHE
c15a281e01,https://github.com/apache/ambari,ambari,bug,BFC,Java,DS_APACHE
489a9c4b08,https://github.com/apache/ambari,ambari,bug,BIC,Java,DS_APACHE
9752f7e772,https://github.com/apache/ambari,ambari,bug,BFC,Java,DS_APACHE
7153112e79,https://github.com/apache/ambari,ambari,bug,BIC,Java,DS_APACHE
9b87326e87,https://github.com/apache/ambari,ambari,bug,BFC,Java,DS_APACHE
d43ea4d673,https://github.com/apache/ambari,ambari,bug,BIC,Java,DS_APACHE
3a9ecc0924,https://github.com/apache/ambari,ambari,bug,BFC,Java,DS_APACHE
6d06814f72,https://github.com/apache/ambari,ambari,bug,BIC,Java,DS_APACHE
1e6e73f30e,https://github.com/apache/ambari,ambari,bug,BFC,Java,DS_APACHE
d0f7a51537,https://github.com/apache/ambari,ambari,bug,BIC,Java,DS_APACHE
f33a250c0e,https://github.com/apache/ambari,ambari,bug,BIC,Java,DS_APACHE
e3a50d9464,https://github.com/apache/ambari,ambari,bug,BFC,Java,DS_APACHE
4fa9ac5505,https://github.com/apache/ambari,ambari,bug,BFC,Java,DS_APACHE
af6aba67bb,https://github.com/apache/ambari,ambari,bug,BFC,Java,DS_APACHE
90c9904fcd,https://github.com/apache/ambari,ambari,bug,BIC,Java,DS_APACHE
03463912a9,https://github.com/apache/ambari,ambari,bug,BFC,Java,DS_APACHE
4a42b6d5b9,https://github.com/apache/ambari,ambari,bug,BIC,Java,DS_APACHE
7be21c9148,https://github.com/apache/ambari,ambari,bug,BFC,Java,DS_APACHE
b653ee0a59,https://github.com/apache/ambari,ambari,bug,BIC,Java,DS_APACHE
c9936ad349,https://github.com/apache/ambari,ambari,bug,BFC,Java,DS_APACHE
65ca08455f,https://github.com/apache/ambari,ambari,bug,BIC,Java,DS_APACHE
c7b350b678,https://github.com/apache/ambari,ambari,bug,BFC,Java,DS_APACHE
e02969e173,https://github.com/apache/ambari,ambari,bug,BIC,Java,DS_APACHE
14738859cc,https://github.com/apache/ambari,ambari,bug,BFC,Java,DS_APACHE
a8b8b4155b,https://github.com/apache/ambari,ambari,bug,BIC,Java,DS_APACHE
18e58ffb37,https://github.com/apache/ambari,ambari,bug,BFC,Java,DS_APACHE
2e14098c19,https://github.com/apache/ambari,ambari,bug,BIC,Java,DS_APACHE
3469c1fa3a,https://github.com/apache/ambari,ambari,bug,BFC,Java,DS_APACHE
e10f6922eb,https://github.com/apache/ambari,ambari,bug,BIC,Java,DS_APACHE
9db1834941,https://github.com/apache/ambari,ambari,bug,BFC,Java,DS_APACHE
c3d738c6ae,https://github.com/apache/ambari,ambari,bug,BIC,Java,DS_APACHE
38a6183b5c,https://github.com/apache/ambari,ambari,bug,BFC,Java,DS_APACHE
fb9e407cab,https://github.com/apache/ambari,ambari,bug,BIC,Java,DS_APACHE
bd6eecce68,https://github.com/apache/ambari,ambari,bug,BFC,Java,DS_APACHE
8e5eeb4dea,https://github.com/apache/ambari,ambari,bug,BIC,Java,DS_APACHE
97f3089bad,https://github.com/apache/ambari,ambari,bug,BFC,Java,DS_APACHE
20056273ec,https://github.com/apache/ambari,ambari,bug,BIC,Java,DS_APACHE
7abe374dd5,https://github.com/apache/ambari,ambari,bug,BFC,Java,DS_APACHE
73ac59fc33,https://github.com/apache/ambari,ambari,bug,BFC,Java,DS_APACHE
1621a53dc5,https://github.com/apache/ambari,ambari,bug,BFC,Java,DS_APACHE
365c74b53c,https://github.com/apache/ambari,ambari,bug,BFC,Java,DS_APACHE
9f663c7dd2,https://github.com/apache/ambari,ambari,bug,BFC,Java,DS_APACHE
7110b855ba,https://github.com/apache/ambari,ambari,bug,BIC,Java,DS_APACHE
9c39acb06a,https://github.com/apache/ambari,ambari,bug,BFC,Java,DS_APACHE
af82db1188,https://github.com/apache/ambari,ambari,bug,BFC,Java,DS_APACHE
18f68097768,https://github.com/apache/hadoop,hadoop,bug,BFC,Java,DS_APACHE
fb6b38d67d8,https://github.com/apache/hadoop,hadoop,bug,BIC,Java,DS_APACHE
6f6e170325d,https://github.com/apache/hadoop,hadoop,bug,BFC,Java,DS_APACHE
aeb364d8b57,https://github.com/apache/hadoop,hadoop,bug,BIC,Java,DS_APACHE
2b19054c92f,https://github.com/apache/hadoop,hadoop,bug,BFC,Java,DS_APACHE
e7380b4f9c4,https://github.com/apache/hadoop,hadoop,bug,BIC,Java,DS_APACHE
0f0c6415af4,https://github.com/apache/hadoop,hadoop,bug,BFC,Java,DS_APACHE
28023b77595,https://github.com/apache/hadoop,hadoop,bug,BIC,Java,DS_APACHE
3df3fa396c7,https://github.com/apache/hadoop,hadoop,bug,BFC,Java,DS_APACHE
860d49aa6ae,https://github.com/apache/hadoop,hadoop,bug,BIC,Java,DS_APACHE
47782cbf4a6,https://github.com/apache/hadoop,hadoop,bug,BFC,Java,DS_APACHE
932ae036acb,https://github.com/apache/hadoop,hadoop,bug,BIC,Java,DS_APACHE
7e08c0f23f5,https://github.com/apache/hadoop,hadoop,bug,BIC,Java,DS_APACHE
4008b37b744,https://github.com/apache/hadoop,hadoop,bug,BFC,Java,DS_APACHE
e28edbffe15,https://github.com/apache/hadoop,hadoop,bug,BIC,Java,DS_APACHE
c9ace69cff4,https://github.com/apache/hadoop,hadoop,bug,BFC,Java,DS_APACHE
776eb119acc,https://github.com/apache/hadoop,hadoop,bug,BIC,Java,DS_APACHE
29eadf1b8f7,https://github.com/apache/hadoop,hadoop,bug,BFC,Java,DS_APACHE
5b361069345,https://github.com/apache/hadoop,hadoop,bug,BIC,Java,DS_APACHE
4ab49a43652,https://github.com/apache/hadoop,hadoop,bug,BFC,Java,DS_APACHE
21d10ccc6e4,https://github.com/apache/hadoop,hadoop,bug,BIC,Java,DS_APACHE
bcd402ae380,https://github.com/apache/hadoop,hadoop,bug,BFC,Java,DS_APACHE
48d62fad80a,https://github.com/apache/hadoop,hadoop,bug,BIC,Java,DS_APACHE
6e0a9f92fe0,https://github.com/apache/hadoop,hadoop,bug,BFC,Java,DS_APACHE
fc2ed4a1f9a,https://github.com/apache/hadoop,hadoop,bug,BIC,Java,DS_APACHE
cffee556e4d,https://github.com/apache/hadoop,hadoop,bug,BFC,Java,DS_APACHE
6d9820ab3d6,https://github.com/apache/hadoop,hadoop,bug,BFC,Java,DS_APACHE
ad95cb1f0d3,https://github.com/apache/hadoop,hadoop,bug,BIC,Java,DS_APACHE
3ebc992e588,https://github.com/apache/hadoop,hadoop,bug,BIC,Java,DS_APACHE
2d16f40dab2,https://github.com/apache/hadoop,hadoop,bug,BFC,Java,DS_APACHE
c6c0f4eb25e,https://github.com/apache/hadoop,hadoop,bug,BIC,Java,DS_APACHE
dc065dd64ca,https://github.com/apache/hadoop,hadoop,bug,BFC,Java,DS_APACHE
3da0bedaec3,https://github.com/apache/hadoop,hadoop,bug,BIC,Java,DS_APACHE
2088309d665,https://github.com/apache/hadoop,hadoop,bug,BFC,Java,DS_APACHE
b73903f6a7d,https://github.com/apache/hadoop,hadoop,bug,BIC,Java,DS_APACHE
4a4dd27571c,https://github.com/apache/hadoop,hadoop,bug,BFC,Java,DS_APACHE
e24071be0ae,https://github.com/apache/hadoop,hadoop,bug,BIC,Java,DS_APACHE
957f0311a16,https://github.com/apache/hadoop,hadoop,bug,BFC,Java,DS_APACHE
df31c446bfa,https://github.com/apache/hadoop,hadoop,bug,BIC,Java,DS_APACHE
93258459faf,https://github.com/apache/hadoop,hadoop,bug,BFC,Java,DS_APACHE
22ff9e68d1d,https://github.com/apache/hadoop,hadoop,bug,BIC,Java,DS_APACHE
32bbc440c1d,https://github.com/apache/hadoop,hadoop,bug,BFC,Java,DS_APACHE
04cc1d614d0,https://github.com/apache/hadoop,hadoop,bug,BFC,Java,DS_APACHE
2a0147f8f69,https://github.com/apache/hadoop,hadoop,bug,BIC,Java,DS_APACHE
f8a245c2731,https://github.com/apache/hadoop,hadoop,bug,BFC,Java,DS_APACHE
cc8a2a29f18,https://github.com/apache/hadoop,hadoop,bug,BIC,Java,DS_APACHE
0ef7ff47d5d,https://github.com/apache/hadoop,hadoop,bug,BFC,Java,DS_APACHE
d96bbe152cf,https://github.com/apache/hadoop,hadoop,bug,BIC,Java,DS_APACHE
42beb56a2ed,https://github.com/apache/hadoop,hadoop,bug,BFC,Java,DS_APACHE
f95ec3f5bf1,https://github.com/apache/hadoop,hadoop,bug,BIC,Java,DS_APACHE
8df7e7deeca,https://github.com/apache/hadoop,hadoop,bug,BFC,Java,DS_APACHE
95f9a515aac,https://github.com/apache/hadoop,hadoop,bug,BIC,Java,DS_APACHE
1758f3146ae,https://github.com/apache/hadoop,hadoop,bug,BFC,Java,DS_APACHE
54217259072,https://github.com/apache/hadoop,hadoop,bug,BIC,Java,DS_APACHE
3f685cd5714,https://github.com/apache/hadoop,hadoop,bug,BFC,Java,DS_APACHE
ca0827a8623,https://github.com/apache/hadoop,hadoop,bug,BIC,Java,DS_APACHE
d1dfa5f9234,https://github.com/apache/hadoop,hadoop,bug,BFC,Java,DS_APACHE
7d1b804d3a3,https://github.com/apache/hadoop,hadoop,bug,BFC,Java,DS_APACHE
9180eca5925,https://github.com/apache/hadoop,hadoop,bug,BIC,Java,DS_APACHE
a2a5cb60b09,https://github.com/apache/hadoop,hadoop,bug,BFC,Java,DS_APACHE
4b3a6b87221,https://github.com/apache/hadoop,hadoop,bug,BIC,Java,DS_APACHE
f5ef2db5003,https://github.com/apache/hadoop,hadoop,bug,BFC,Java,DS_APACHE
7eb7b3b723c,https://github.com/apache/hadoop,hadoop,bug,BIC,Java,DS_APACHE
3d191cc1524,https://github.com/apache/hadoop,hadoop,bug,BFC,Java,DS_APACHE
76be82bc041,https://github.com/apache/hadoop,hadoop,bug,BIC,Java,DS_APACHE
f216f22915f,https://github.com/apache/hadoop,hadoop,bug,BFC,Java,DS_APACHE
8767e4cde17,https://github.com/apache/hadoop,hadoop,bug,BIC,Java,DS_APACHE
b9d49761f72,https://github.com/apache/hadoop,hadoop,bug,BFC,Java,DS_APACHE
10f9f5101c4,https://github.com/apache/hadoop,hadoop,bug,BIC,Java,DS_APACHE
2034315763c,https://github.com/apache/hadoop,hadoop,bug,BFC,Java,DS_APACHE
a46933e8ce4,https://github.com/apache/hadoop,hadoop,bug,BIC,Java,DS_APACHE
b970446b2c5,https://github.com/apache/hadoop,hadoop,bug,BFC,Java,DS_APACHE
0bdd263d82a,https://github.com/apache/hadoop,hadoop,bug,BIC,Java,DS_APACHE
f5312aedb9f,https://github.com/apache/hadoop,hadoop,bug,BFC,Java,DS_APACHE
5f9b4c14a17,https://github.com/apache/hadoop,hadoop,bug,BIC,Java,DS_APACHE
bd76d9a8272,https://github.com/apache/hadoop,hadoop,bug,BFC,Java,DS_APACHE
06d0109314b,https://github.com/apache/hadoop,hadoop,bug,BIC,Java,DS_APACHE
464470e715c,https://github.com/apache/hadoop,hadoop,bug,BFC,Java,DS_APACHE
fdba5fac263,https://github.com/apache/hadoop,hadoop,bug,BIC,Java,DS_APACHE
20176840f62,https://github.com/apache/hadoop,hadoop,bug,BIC,Java,DS_APACHE
dfa78484633,https://github.com/apache/hadoop,hadoop,bug,BFC,Java,DS_APACHE
c59af2fdf8f,https://github.com/apache/hadoop,hadoop,bug,BIC,Java,DS_APACHE
92d8f371553,https://github.com/apache/hadoop,hadoop,bug,BFC,Java,DS_APACHE
a9a8297cad4,https://github.com/apache/hadoop,hadoop,bug,BIC,Java,DS_APACHE
61c0bedf775,https://github.com/apache/hadoop,hadoop,bug,BFC,Java,DS_APACHE
fd2f22adec5,https://github.com/apache/hadoop,hadoop,bug,BIC,Java,DS_APACHE
f5e0bd30fde,https://github.com/apache/hadoop,hadoop,bug,BFC,Java,DS_APACHE
9097e2efe4c,https://github.com/apache/hadoop,hadoop,bug,BIC,Java,DS_APACHE
03060075c53,https://github.com/apache/hadoop,hadoop,bug,BFC,Java,DS_APACHE
644548f2017,https://github.com/apache/hadoop,hadoop,bug,BIC,Java,DS_APACHE
90e07d55ace,https://github.com/apache/hadoop,hadoop,bug,BFC,Java,DS_APACHE
e4b8d9e72d5,https://github.com/apache/hadoop,hadoop,bug,BIC,Java,DS_APACHE
3807884263f,https://github.com/apache/hadoop,hadoop,bug,BIC,Java,DS_APACHE
f1c19b9365c,https://github.com/apache/hadoop,hadoop,bug,BFC,Java,DS_APACHE
1e06299df82,https://github.com/apache/hadoop,hadoop,bug,BIC,Java,DS_APACHE
e3242b95b35,https://github.com/apache/hadoop,hadoop,bug,BFC,Java,DS_APACHE
4492b9e7302,https://github.com/apache/hadoop,hadoop,bug,BFC,Java,DS_APACHE
67c006c322c,https://github.com/apache/hadoop,hadoop,bug,BIC,Java,DS_APACHE
ef1fc51852c,https://github.com/apache/hadoop,hadoop,bug,BFC,Java,DS_APACHE
6a059dc40e0,https://github.com/apache/hadoop,hadoop,bug,BIC,Java,DS_APACHE
91e832e7b47,https://github.com/apache/hadoop,hadoop,bug,BFC,Java,DS_APACHE
18c5bc86ca2,https://github.com/apache/hadoop,hadoop,bug,BIC,Java,DS_APACHE
e213a4e828,https://github.com/apache/lucene,lucene,bug,BFC,Java,DS_APACHE
a26f3734c6,https://github.com/apache/lucene,lucene,bug,BIC,Java,DS_APACHE
ec0c376c45,https://github.com/apache/lucene,lucene,bug,BFC,Java,DS_APACHE
f818ff09d8,https://github.com/apache/lucene,lucene,bug,BIC,Java,DS_APACHE
e9a5866777,https://github.com/apache/lucene,lucene,bug,BIC,Java,DS_APACHE
390fbf21d2,https://github.com/apache/lucene,lucene,bug,BFC,Java,DS_APACHE
7a65a1823a,https://github.com/apache/lucene,lucene,bug,BIC,Java,DS_APACHE
1904003fac,https://github.com/apache/lucene,lucene,bug,BFC,Java,DS_APACHE
e92a91ed18,https://github.com/apache/lucene,lucene,bug,BIC,Java,DS_APACHE
0d31aa07b3,https://github.com/apache/lucene,lucene,bug,BIC,Java,DS_APACHE
317d311e7a,https://github.com/apache/lucene,lucene,bug,BIC,Java,DS_APACHE
7a86d09aea,https://github.com/apache/lucene,lucene,bug,BFC,Java,DS_APACHE
48cca13075,https://github.com/apache/lucene,lucene,bug,BIC,Java,DS_APACHE
1e79c3b98e,https://github.com/apache/lucene,lucene,bug,BFC,Java,DS_APACHE
3597bc4bf4,https://github.com/apache/lucene,lucene,bug,BIC,Java,DS_APACHE
4ff0b2f82c,https://github.com/apache/lucene,lucene,bug,BIC,Java,DS_APACHE
4c5606ee29,https://github.com/apache/lucene,lucene,bug,BIC,Java,DS_APACHE
5ba9ca4be2,https://github.com/apache/lucene,lucene,bug,BFC,Java,DS_APACHE
612d9227de,https://github.com/apache/lucene,lucene,bug,BIC,Java,DS_APACHE
826a172340,https://github.com/apache/lucene,lucene,bug,BFC,Java,DS_APACHE
5a2d0bc654,https://github.com/apache/lucene,lucene,bug,BIC,Java,DS_APACHE
8f54a18e1a,https://github.com/apache/lucene,lucene,bug,BFC,Java,DS_APACHE
b549619dc8,https://github.com/apache/lucene,lucene,bug,BIC,Java,DS_APACHE
376b331651,https://github.com/apache/lucene,lucene,bug,BFC,Java,DS_APACHE
a8032b0637,https://github.com/apache/lucene,lucene,bug,BIC,Java,DS_APACHE
1d603a9f87,https://github.com/apache/lucene,lucene,bug,BFC,Java,DS_APACHE
c1ec7aa8df,https://github.com/apache/lucene,lucene,bug,BIC,Java,DS_APACHE
64dfbfdfb2,https://github.com/apache/lucene,lucene,bug,BIC,Java,DS_APACHE
b895ebde43,https://github.com/apache/lucene,lucene,bug,BIC,Java,DS_APACHE
cf06226cb8,https://github.com/apache/lucene,lucene,bug,BFC,Java,DS_APACHE
017a3bf628,https://github.com/apache/lucene,lucene,bug,BIC,Java,DS_APACHE
2b359d8354,https://github.com/apache/lucene,lucene,bug,BIC,Java,DS_APACHE
30de6c512a,https://github.com/apache/lucene,lucene,bug,BFC,Java,DS_APACHE
85642f59dd,https://github.com/apache/lucene,lucene,bug,BIC,Java,DS_APACHE
ff886ebb70,https://github.com/apache/lucene,lucene,bug,BFC,Java,DS_APACHE
11ae32183f,https://github.com/apache/lucene,lucene,bug,BIC,Java,DS_APACHE
c96f750558,https://github.com/apache/lucene,lucene,bug,BIC,Java,DS_APACHE
0bfaf5cdfc,https://github.com/apache/lucene,lucene,bug,BIC,Java,DS_APACHE
c1a70f31a6,https://github.com/apache/lucene,lucene,bug,BFC,Java,DS_APACHE
47e96510cc,https://github.com/apache/lucene,lucene,bug,BIC,Java,DS_APACHE
3eb66fb19c,https://github.com/apache/lucene,lucene,bug,BIC,Java,DS_APACHE
3ca4fea578,https://github.com/apache/lucene,lucene,bug,BFC,Java,DS_APACHE
cd8fc589b9,https://github.com/apache/lucene,lucene,bug,BIC,Java,DS_APACHE
2585c9f3ff,https://github.com/apache/lucene,lucene,bug,BFC,Java,DS_APACHE
e92a38af90,https://github.com/apache/lucene,lucene,bug,BIC,Java,DS_APACHE
b9c9cddff7,https://github.com/apache/lucene,lucene,bug,BFC,Java,DS_APACHE
a81ebce804,https://github.com/apache/lucene,lucene,bug,BIC,Java,DS_APACHE
4e79f49f23,https://github.com/apache/lucene,lucene,bug,BFC,Java,DS_APACHE
9ba7a8e612,https://github.com/apache/lucene,lucene,bug,BIC,Java,DS_APACHE
a5402f6863,https://github.com/apache/lucene,lucene,bug,BFC,Java,DS_APACHE
e2c41af501,https://github.com/apache/lucene,lucene,bug,BIC,Java,DS_APACHE
64b86331c2,https://github.com/apache/lucene,lucene,bug,BIC,Java,DS_APACHE
b0db06bad5,https://github.com/apache/lucene,lucene,bug,BFC,Java,DS_APACHE
71ca2a84ba,https://github.com/apache/lucene,lucene,bug,BIC,Java,DS_APACHE
f57e0177ff,https://github.com/apache/lucene,lucene,bug,BIC,Java,DS_APACHE
43c2b2320d,https://github.com/apache/lucene,lucene,bug,BFC,Java,DS_APACHE
7e86ba8c73,https://github.com/apache/lucene,lucene,bug,BIC,Java,DS_APACHE
ed2621de84,https://github.com/apache/lucene,lucene,bug,BIC,Java,DS_APACHE
571264bcc0,https://github.com/apache/lucene,lucene,bug,BFC,Java,DS_APACHE
187838022,https://github.com/apache/lucene,lucene,bug,BIC,Java,DS_APACHE
fbdd2c0ee8,https://github.com/apache/lucene,lucene,bug,BFC,Java,DS_APACHE
e30cc70fdd,https://github.com/apache/lucene,lucene,bug,BIC,Java,DS_APACHE
3ba4e73a90,https://github.com/apache/lucene,lucene,bug,BIC,Java,DS_APACHE
74b609cf88,https://github.com/apache/lucene,lucene,bug,BFC,Java,DS_APACHE
5650939a8d,https://github.com/apache/lucene,lucene,bug,BIC,Java,DS_APACHE
dce5964d8a,https://github.com/apache/lucene,lucene,bug,BIC,Java,DS_APACHE
d87ffa4bf8,https://github.com/apache/lucene,lucene,bug,BIC,Java,DS_APACHE
c7c9ef6a63,https://github.com/apache/lucene,lucene,bug,BFC,Java,DS_APACHE
4ac6ce3190,https://github.com/apache/lucene,lucene,bug,BIC,Java,DS_APACHE
8cd2942e35,https://github.com/apache/lucene,lucene,bug,BFC,Java,DS_APACHE
acb185b2dc,https://github.com/apache/lucene,lucene,bug,BIC,Java,DS_APACHE
ed1f977916,https://github.com/apache/lucene,lucene,bug,BFC,Java,DS_APACHE
8bff9e1ff5,https://github.com/apache/lucene,lucene,bug,BIC,Java,DS_APACHE
05a802b3eb,https://github.com/apache/lucene,lucene,bug,BIC,Java,DS_APACHE
326ab7d577,https://github.com/apache/lucene,lucene,bug,BIC,Java,DS_APACHE
8b32176c0b,https://github.com/apache/lucene,lucene,bug,BFC,Java,DS_APACHE
a5430edf83,https://github.com/apache/lucene,lucene,bug,BIC,Java,DS_APACHE
249c678054,https://github.com/apache/lucene,lucene,bug,BIC,Java,DS_APACHE
b62cff9fc0,https://github.com/apache/lucene,lucene,bug,BIC,Java,DS_APACHE
cc5882ab75,https://github.com/apache/lucene,lucene,bug,BIC,Java,DS_APACHE
2e8a9b98de,https://github.com/apache/lucene,lucene,bug,BIC,Java,DS_APACHE
68ce463907,https://github.com/apache/lucene,lucene,bug,BIC,Java,DS_APACHE
886e17c842,https://github.com/apache/lucene,lucene,bug,BFC,Java,DS_APACHE
5e45cf89eb,https://github.com/apache/lucene,lucene,bug,BIC,Java,DS_APACHE
0a3f804518,https://github.com/apache/lucene,lucene,bug,BIC,Java,DS_APACHE
28dab8437f,https://github.com/apache/lucene,lucene,bug,BIC,Java,DS_APACHE
2b7362de2b,https://github.com/apache/lucene,lucene,bug,BFC,Java,DS_APACHE
bfedaea2dd,https://github.com/apache/lucene,lucene,bug,BIC,Java,DS_APACHE
0a30dcd945,https://github.com/apache/lucene,lucene,bug,BIC,Java,DS_APACHE
26dd4f34cd,https://github.com/apache/lucene,lucene,bug,BIC,Java,DS_APACHE
0589889950,https://github.com/apache/lucene,lucene,bug,BIC,Java,DS_APACHE
708cea853c,https://github.com/apache/lucene,lucene,bug,BIC,Java,DS_APACHE
6efeb6196f,https://github.com/apache/lucene,lucene,bug,BIC,Java,DS_APACHE
e5addc06d3,https://github.com/apache/lucene,lucene,bug,BFC,Java,DS_APACHE
eee47902b7,https://github.com/apache/lucene,lucene,bug,BIC,Java,DS_APACHE
9557559df0,https://github.com/apache/lucene,lucene,bug,BIC,Java,DS_APACHE
a518f57756,https://github.com/apache/lucene,lucene,bug,BIC,Java,DS_APACHE
52124d8ebf,https://github.com/apache/lucene,lucene,bug,BIC,Java,DS_APACHE
e79fcaec7c,https://github.com/apache/lucene,lucene,bug,BIC,Java,DS_APACHE
abfa458e2a,https://github.com/apache/lucene,lucene,bug,BIC,Java,DS_APACHE
f70b9571a9,https://github.com/apache/lucene,lucene,bug,BIC,Java,DS_APACHE
36b17aab62,https://github.com/apache/lucene,lucene,bug,BIC,Java,DS_APACHE
8b241d9230,https://github.com/apache/lucene,lucene,bug,BIC,Java,DS_APACHE
f19e8c58fb,https://github.com/apache/lucene,lucene,bug,BIC,Java,DS_APACHE
2635ac0cf7,https://github.com/apache/lucene,lucene,bug,BIC,Java,DS_APACHE
071104c07d,https://github.com/apache/lucene,lucene,bug,BIC,Java,DS_APACHE
4140f73774,https://github.com/apache/lucene,lucene,bug,BIC,Java,DS_APACHE
1aa40cd395,https://github.com/apache/lucene,lucene,bug,BIC,Java,DS_APACHE
40b3f06f9d,https://github.com/apache/lucene,lucene,bug,BFC,Java,DS_APACHE
f7707d7d91,https://github.com/apache/lucene,lucene,bug,BFC,Java,DS_APACHE
135d89c4bd,https://github.com/apache/lucene,lucene,bug,BIC,Java,DS_APACHE
f50e4dbf51,https://github.com/apache/lucene,lucene,bug,BFC,Java,DS_APACHE
0810107d1f,https://github.com/apache/lucene,lucene,bug,BIC,Java,DS_APACHE
e312ee6bfa,https://github.com/apache/lucene,lucene,bug,BFC,Java,DS_APACHE
ab8f8f994f,https://github.com/apache/lucene,lucene,bug,BIC,Java,DS_APACHE
b20968241a,https://github.com/apache/lucene,lucene,bug,BIC,Java,DS_APACHE
5fca7fc938,https://github.com/apache/lucene,lucene,bug,BIC,Java,DS_APACHE
6aea26168a,https://github.com/apache/lucene,lucene,bug,BIC,Java,DS_APACHE
f389654f9c,https://github.com/apache/lucene,lucene,bug,BIC,Java,DS_APACHE
e7294aab77,https://github.com/apache/lucene,lucene,bug,BIC,Java,DS_APACHE
00b29b4298,https://github.com/apache/lucene,lucene,bug,BFC,Java,DS_APACHE
2d4e789d00,https://github.com/apache/lucene,lucene,bug,BIC,Java,DS_APACHE
232aaa42ed,https://github.com/apache/lucene,lucene,bug,BFC,Java,DS_APACHE
f5b5d3e17f,https://github.com/apache/lucene,lucene,bug,BIC,Java,DS_APACHE
2c34cb858e,https://github.com/apache/lucene,lucene,bug,BFC,Java,DS_APACHE
e6231ad585,https://github.com/apache/lucene,lucene,bug,BIC,Java,DS_APACHE
e61398084d,https://github.com/apache/lucene,lucene,bug,BIC,Java,DS_APACHE
145772accb,https://github.com/apache/lucene,lucene,bug,BFC,Java,DS_APACHE
0756041335,https://github.com/apache/lucene,lucene,bug,BIC,Java,DS_APACHE
5f618b8000,https://github.com/apache/lucene,lucene,bug,BIC,Java,DS_APACHE
52d2d3fd6f,https://github.com/apache/lucene,lucene,bug,BIC,Java,DS_APACHE
f33c2917e3,https://github.com/apache/lucene,lucene,bug,BIC,Java,DS_APACHE
c672b56305,https://github.com/apache/lucene,lucene,bug,BFC,Java,DS_APACHE
aa22ceb97d,https://github.com/apache/lucene,lucene,bug,BIC,Java,DS_APACHE
d6b40cc39a,https://github.com/apache/lucene,lucene,bug,BFC,Java,DS_APACHE
86d4a61797,https://github.com/apache/lucene,lucene,bug,BFC,Java,DS_APACHE
0dec2d1017,https://github.com/apache/lucene,lucene,bug,BIC,Java,DS_APACHE
fa52907742,https://github.com/apache/lucene,lucene,bug,BIC,Java,DS_APACHE
3b2e04d6a9,https://github.com/apache/lucene,lucene,bug,BIC,Java,DS_APACHE
a181dc0735,https://github.com/apache/lucene,lucene,bug,BIC,Java,DS_APACHE
a7f879db76,https://github.com/apache/lucene,lucene,bug,BFC,Java,DS_APACHE
be0bb552ee,https://github.com/apache/lucene,lucene,bug,BIC,Java,DS_APACHE
0ce6e9a694,https://github.com/apache/lucene,lucene,bug,BIC,Java,DS_APACHE
5e87b67337,https://github.com/apache/lucene,lucene,bug,BIC,Java,DS_APACHE
cd49552b57,https://github.com/apache/lucene,lucene,bug,BIC,Java,DS_APACHE
6b33a8c593,https://github.com/apache/lucene,lucene,bug,BFC,Java,DS_APACHE
3865e131cb,https://github.com/apache/lucene,lucene,bug,BIC,Java,DS_APACHE
e4ed871c5e,https://github.com/apache/lucene,lucene,bug,BFC,Java,DS_APACHE
f61d232630,https://github.com/apache/lucene,lucene,bug,BIC,Java,DS_APACHE
225459815c,https://github.com/apache/lucene,lucene,bug,BFC,Java,DS_APACHE
a9670cc6e7,https://github.com/apache/lucene,lucene,bug,BIC,Java,DS_APACHE
7e4603a988,https://github.com/apache/lucene,lucene,bug,BFC,Java,DS_APACHE
50baab7c4b,https://github.com/apache/lucene,lucene,bug,BIC,Java,DS_APACHE
34a47e66ca,https://github.com/apache/lucene,lucene,bug,BFC,Java,DS_APACHE
27d68500ee,https://github.com/apache/lucene,lucene,bug,BIC,Java,DS_APACHE
e584e3a060,https://github.com/apache/lucene,lucene,bug,BFC,Java,DS_APACHE
f60122e08d,https://github.com/apache/lucene,lucene,bug,BIC,Java,DS_APACHE
3cf40619ca,https://github.com/apache/lucene,lucene,bug,BFC,Java,DS_APACHE
9d4bd1f350,https://github.com/apache/lucene,lucene,bug,BIC,Java,DS_APACHE
936aa1dcfc,https://github.com/apache/lucene,lucene,bug,BFC,Java,DS_APACHE
bf00c1a0a7,https://github.com/apache/lucene,lucene,bug,BFC,Java,DS_APACHE
b221a53496,https://github.com/apache/lucene,lucene,bug,BIC,Java,DS_APACHE
45196378d3,https://github.com/apache/lucene,lucene,bug,BIC,Java,DS_APACHE
8571b92efd,https://github.com/apache/lucene,lucene,bug,BIC,Java,DS_APACHE
29b23f9166,https://github.com/apache/lucene,lucene,bug,BIC,Java,DS_APACHE
60f161fd9b,https://github.com/apache/lucene,lucene,bug,BFC,Java,DS_APACHE
c97a92dcc3,https://github.com/apache/lucene,lucene,bug,BFC,Java,DS_APACHE
c8261a41d3,https://github.com/apache/lucene,lucene,bug,BIC,Java,DS_APACHE
4c83c2200c,https://github.com/apache/lucene,lucene,bug,BFC,Java,DS_APACHE
029b34be9e,https://github.com/apache/lucene,lucene,bug,BIC,Java,DS_APACHE
9b255d6cc4,https://github.com/apache/lucene,lucene,bug,BIC,Java,DS_APACHE
7cde848e37,https://github.com/apache/lucene,lucene,bug,BIC,Java,DS_APACHE
ff83497b27,https://github.com/apache/lucene,lucene,bug,BIC,Java,DS_APACHE
4e73212034,https://github.com/apache/lucene,lucene,bug,BFC,Java,DS_APACHE
9ba13dea31,https://github.com/apache/lucene,lucene,bug,BIC,Java,DS_APACHE
602a1f50e7,https://github.com/apache/lucene,lucene,bug,BFC,Java,DS_APACHE
fdeb323243,https://github.com/apache/lucene,lucene,bug,BIC,Java,DS_APACHE
b5823b50db,https://github.com/apache/lucene,lucene,bug,BFC,Java,DS_APACHE
7053a99f49,https://github.com/apache/lucene,lucene,bug,BIC,Java,DS_APACHE
18256fc287,https://github.com/apache/lucene,lucene,bug,BFC,Java,DS_APACHE
0442747f05,https://github.com/apache/lucene,lucene,bug,BIC,Java,DS_APACHE
89c65af2a6,https://github.com/apache/lucene,lucene,bug,BFC,Java,DS_APACHE
093a8ce57c,https://github.com/apache/lucene,lucene,bug,BIC,Java,DS_APACHE
51b131950d,https://github.com/apache/lucene,lucene,bug,BFC,Java,DS_APACHE
57b47fed01,https://github.com/apache/lucene,lucene,bug,BIC,Java,DS_APACHE
9ab76a1e41,https://github.com/apache/lucene,lucene,bug,BFC,Java,DS_APACHE
ce172acb8f,https://github.com/apache/lucene,lucene,bug,BIC,Java,DS_APACHE
d0156b1126,https://github.com/apache/lucene,lucene,bug,BIC,Java,DS_APACHE
3b57a5a624,https://github.com/apache/lucene,lucene,bug,BFC,Java,DS_APACHE
229229a3c0,https://github.com/apache/lucene,lucene,bug,BIC,Java,DS_APACHE
51fde1cbf9,https://github.com/apache/lucene,lucene,bug,BFC,Java,DS_APACHE
f342cd14df,https://github.com/apache/lucene,lucene,bug,BFC,Java,DS_APACHE
e3ba95b8b8,https://github.com/apache/lucene,lucene,bug,BIC,Java,DS_APACHE
60ce8d7c54,https://github.com/apache/lucene,lucene,bug,BFC,Java,DS_APACHE
79d1b8c227,https://github.com/apache/lucene,lucene,bug,BIC,Java,DS_APACHE
844ca4a348,https://github.com/apache/lucene,lucene,bug,BIC,Java,DS_APACHE
e152575f5e,https://github.com/apache/lucene,lucene,bug,BFC,Java,DS_APACHE
36183cad87,https://github.com/apache/lucene,lucene,bug,BIC,Java,DS_APACHE
07be2c42ba,https://github.com/apache/lucene,lucene,bug,BIC,Java,DS_APACHE
75e69c5198,https://github.com/apache/lucene,lucene,bug,BFC,Java,DS_APACHE
001a3ca55b,https://github.com/apache/lucene,lucene,bug,BIC,Java,DS_APACHE
e2521b2a8b,https://github.com/apache/lucene,lucene,bug,BFC,Java,DS_APACHE
067fb25e43,https://github.com/apache/lucene,lucene,bug,BIC,Java,DS_APACHE
89f68fbb,https://github.com/apache/oozie,oozie,bug,BFC,Java,DS_APACHE
c95c809a,https://github.com/apache/oozie,oozie,bug,BIC,Java,DS_APACHE
97e3f904,https://github.com/apache/oozie,oozie,bug,BFC,Java,DS_APACHE
a77190db,https://github.com/apache/oozie,oozie,bug,BIC,Java,DS_APACHE
3d1fe287,https://github.com/apache/oozie,oozie,bug,BFC,Java,DS_APACHE
81039015,https://github.com/apache/oozie,oozie,bug,BIC,Java,DS_APACHE
0a6f83e6,https://github.com/apache/oozie,oozie,bug,BFC,Java,DS_APACHE
81ce22b6,https://github.com/apache/oozie,oozie,bug,BIC,Java,DS_APACHE
87040a1f,https://github.com/apache/oozie,oozie,bug,BIC,Java,DS_APACHE
e0b7cde7,https://github.com/apache/oozie,oozie,bug,BFC,Java,DS_APACHE
c7fa12bb,https://github.com/apache/oozie,oozie,bug,BIC,Java,DS_APACHE
d2a98a11,https://github.com/apache/oozie,oozie,bug,BFC,Java,DS_APACHE
ca01c283,https://github.com/apache/oozie,oozie,bug,BIC,Java,DS_APACHE
3276633f,https://github.com/apache/oozie,oozie,bug,BIC,Java,DS_APACHE
7cebc260,https://github.com/apache/oozie,oozie,bug,BFC,Java,DS_APACHE
ef513d28,https://github.com/apache/oozie,oozie,bug,BIC,Java,DS_APACHE
19014354,https://github.com/apache/oozie,oozie,bug,BFC,Java,DS_APACHE
fc9aeb13,https://github.com/apache/oozie,oozie,bug,BIC,Java,DS_APACHE
57152acd,https://github.com/apache/oozie,oozie,bug,BFC,Java,DS_APACHE
78c86996,https://github.com/apache/oozie,oozie,bug,BIC,Java,DS_APACHE
eba0f036,https://github.com/apache/oozie,oozie,bug,BFC,Java,DS_APACHE
c5f5f9d6,https://github.com/apache/oozie,oozie,bug,BIC,Java,DS_APACHE
1b46fd92,https://github.com/apache/oozie,oozie,bug,BFC,Java,DS_APACHE
0c90b8c3,https://github.com/apache/oozie,oozie,bug,BIC,Java,DS_APACHE
f83f484a,https://github.com/apache/oozie,oozie,bug,BFC,Java,DS_APACHE
6aa84761,https://github.com/apache/oozie,oozie,bug,BIC,Java,DS_APACHE
72ee2589,https://github.com/apache/oozie,oozie,bug,BFC,Java,DS_APACHE
e86b96d4,https://github.com/apache/oozie,oozie,bug,BIC,Java,DS_APACHE
3e20533b,https://github.com/apache/oozie,oozie,bug,BIC,Java,DS_APACHE
44af3a3c,https://github.com/apache/oozie,oozie,bug,BIC,Java,DS_APACHE
0f086d41,https://github.com/apache/oozie,oozie,bug,BIC,Java,DS_APACHE
d330d406,https://github.com/apache/oozie,oozie,bug,BFC,Java,DS_APACHE
70a5ffe4,https://github.com/apache/oozie,oozie,bug,BIC,Java,DS_APACHE
aebf775a,https://github.com/apache/oozie,oozie,bug,BFC,Java,DS_APACHE
23831e85,https://github.com/apache/oozie,oozie,bug,BFC,Java,DS_APACHE
396fcc6c,https://github.com/apache/oozie,oozie,bug,BIC,Java,DS_APACHE
b5524c90,https://github.com/apache/oozie,oozie,bug,BFC,Java,DS_APACHE
10549ef2,https://github.com/apache/oozie,oozie,bug,BIC,Java,DS_APACHE
b074b2ce,https://github.com/apache/oozie,oozie,bug,BIC,Java,DS_APACHE
6aefbc71,https://github.com/apache/oozie,oozie,bug,BFC,Java,DS_APACHE
0f4b0181,https://github.com/apache/oozie,oozie,bug,BIC,Java,DS_APACHE
746be5c2,https://github.com/apache/oozie,oozie,bug,BFC,Java,DS_APACHE
b54417b7,https://github.com/apache/oozie,oozie,bug,BIC,Java,DS_APACHE
d929be9f,https://github.com/apache/oozie,oozie,bug,BFC,Java,DS_APACHE
4bd777e5,https://github.com/apache/oozie,oozie,bug,BIC,Java,DS_APACHE
07fa74f4,https://github.com/apache/oozie,oozie,bug,BFC,Java,DS_APACHE
2fc2fc9e,https://github.com/apache/oozie,oozie,bug,BIC,Java,DS_APACHE
90c06857,https://github.com/apache/oozie,oozie,bug,BIC,Java,DS_APACHE
0e0aa499,https://github.com/apache/oozie,oozie,bug,BFC,Java,DS_APACHE
56fd858d,https://github.com/apache/oozie,oozie,bug,BIC,Java,DS_APACHE
c270a20c,https://github.com/apache/oozie,oozie,bug,BFC,Java,DS_APACHE
cbb1eac9,https://github.com/apache/oozie,oozie,bug,BIC,Java,DS_APACHE
6d4a9d0e,https://github.com/apache/oozie,oozie,bug,BIC,Java,DS_APACHE
75da42b7,https://github.com/apache/oozie,oozie,bug,BFC,Java,DS_APACHE
12ef6147,https://github.com/apache/oozie,oozie,bug,BIC,Java,DS_APACHE
cd91b960,https://github.com/apache/oozie,oozie,bug,BFC,Java,DS_APACHE
605ed64f,https://github.com/apache/oozie,oozie,bug,BIC,Java,DS_APACHE
3ddd8249,https://github.com/apache/oozie,oozie,bug,BFC,Java,DS_APACHE
e2090113,https://github.com/apache/oozie,oozie,bug,BIC,Java,DS_APACHE
92f4079e,https://github.com/apache/oozie,oozie,bug,BFC,Java,DS_APACHE
8ca266fa,https://github.com/apache/oozie,oozie,bug,BIC,Java,DS_APACHE
0439fbb0,https://github.com/apache/oozie,oozie,bug,BFC,Java,DS_APACHE
872db60c,https://github.com/apache/oozie,oozie,bug,BIC,Java,DS_APACHE
db11ab35,https://github.com/apache/oozie,oozie,bug,BFC,Java,DS_APACHE
cc4b4398,https://github.com/apache/oozie,oozie,bug,BIC,Java,DS_APACHE
55c15b2f,https://github.com/apache/oozie,oozie,bug,BFC,Java,DS_APACHE
222b0145,https://github.com/apache/oozie,oozie,bug,BFC,Java,DS_APACHE
b66a2dc7,https://github.com/apache/oozie,oozie,bug,BFC,Java,DS_APACHE
57d1762e,https://github.com/apache/oozie,oozie,bug,BIC,Java,DS_APACHE
4fe13711,https://github.com/apache/oozie,oozie,bug,BFC,Java,DS_APACHE
109f41c6,https://github.com/apache/oozie,oozie,bug,BIC,Java,DS_APACHE
5940a376,https://github.com/apache/oozie,oozie,bug,BFC,Java,DS_APACHE
9df0de78,https://github.com/apache/oozie,oozie,bug,BIC,Java,DS_APACHE
783d56e5,https://github.com/apache/oozie,oozie,bug,BFC,Java,DS_APACHE
f97be5d5,https://github.com/apache/oozie,oozie,bug,BIC,Java,DS_APACHE
4249aaee,https://github.com/apache/oozie,oozie,bug,BIC,Java,DS_APACHE
89d108d7,https://github.com/apache/oozie,oozie,bug,BFC,Java,DS_APACHE
24fedae6,https://github.com/apache/oozie,oozie,bug,BIC,Java,DS_APACHE
a98c7f89,https://github.com/apache/oozie,oozie,bug,BFC,Java,DS_APACHE
dc56aaee,https://github.com/apache/oozie,oozie,bug,BIC,Java,DS_APACHE
438ffd8a,https://github.com/apache/oozie,oozie,bug,BFC,Java,DS_APACHE
fd14a1db,https://github.com/apache/oozie,oozie,bug,BIC,Java,DS_APACHE
6dc33ba1,https://github.com/apache/oozie,oozie,bug,BFC,Java,DS_APACHE
283cf1c2,https://github.com/apache/oozie,oozie,bug,BIC,Java,DS_APACHE
7cf82d31,https://github.com/apache/oozie,oozie,bug,BFC,Java,DS_APACHE
43480c12,https://github.com/apache/oozie,oozie,bug,BFC,Java,DS_APACHE
4637ca41,https://github.com/apache/oozie,oozie,bug,BIC,Java,DS_APACHE
